n1,n2,command,mean,stddev,median,user,system,min,max
10,10,./main < seq_tmp.txt,0.0072120338160409515,0.0013399674421935867,0.007555842700000002,0.004459228668941974,0.002729990307167235,0.0005557867000000015,0.008499290700000002
11,11,./main < seq_tmp.txt,0.007255487316949155,0.0017923059821864226,0.0078657849,0.004613161423728813,0.0026141562033898296,0.0008100598999999996,0.0080196659
12,12,./main < seq_tmp.txt,0.006929710745116282,0.001831233106631649,0.00757866128,0.004588211046511629,0.002419542441860466,0.0005052702799999997,0.00776016528
13,13,./main < seq_tmp.txt,0.006291406088711658,0.0021394256269815256,0.00719061922,0.0041337668220858955,0.0022882190184049084,0.00011074021999999935,0.008264064219999999
14,14,./main < seq_tmp.txt,0.007438411416433128,0.0016829354452849784,0.00803115834,0.005119481104033967,0.0023711580467091283,0.00099725234,0.008231618340000002
15,15,./main < seq_tmp.txt,0.0070276232319540196,0.0021751066726975136,0.008013604640000001,0.004545436666666668,0.002513934942528736,0.0009669696400000003,0.00822170164
16,16,./main < seq_tmp.txt,0.007286360425540539,0.0014098423980738331,0.00762717276,0.004829752432432434,0.0025085702702702713,0.0006572257599999996,0.00780091976
17,17,./main < seq_tmp.txt,0.006480791257046976,0.002255052881644688,0.007550343700000001,0.004228345570469799,0.0023273777181208057,0.0005549787000000009,0.007701871700000001
18,18,./main < seq_tmp.txt,0.007734318133602696,0.00005754285717869387,0.007726055440000001,0.004921652255892255,0.0027934026262626276,0.0076000604400000005,0.00807080744
19,19,./main < seq_tmp.txt,0.005492236676891894,0.002134928697584625,0.006466209480000001,0.0032554598648648664,0.002458696959459459,0,0.006713681480000001
20,20,./main < seq_tmp.txt,0.005506205580707068,0.0019993206837051925,0.00634973124,0.0036848093939393905,0.0021056228535353528,0,0.006555346739999999
21,21,./main < seq_tmp.txt,0.006409447653853214,0.0017839028251669003,0.00707711178,0.00419015243119266,0.0023803435779816517,0.00005747928000000022,0.0072847462800000005
22,22,./main < seq_tmp.txt,0.006965340606127945,0.0017122527848693393,0.007548671659999999,0.004684188888888889,0.0024007058585858595,0.0007176006599999996,0.007768795659999999
23,23,./main < seq_tmp.txt,0.007310277134169647,0.0018392840912050813,0.0079589649,0.004904552066905609,0.00244739221027479,0.0008992008999999996,0.0081457339
24,24,./main < seq_tmp.txt,0.00695653041735537,0.001488653396996612,0.0073813293,0.004791338876033055,0.0022758061487603318,0.0004489133000000001,0.007538276300000001
25,25,./main < seq_tmp.txt,0.0074046559883732006,0.0018837229757257198,0.008056895980000001,0.004824954497607655,0.002586414258373205,0.0009925284799999997,0.00824184748
26,26,./main < seq_tmp.txt,0.00633868098809365,0.0009612690767212019,0.006513888520000002,0.004004069297658862,0.0024810347826086957,0,0.006682590520000002
27,27,./main < seq_tmp.txt,0.006234671855038757,0.0016838036202935888,0.00678911858,0.003981478361018823,0.0024215771871539315,0,0.0070099865800000005
28,28,./main < seq_tmp.txt,0.007393479755824913,0.0011752357030854709,0.007641064840000001,0.004827899393939393,0.002609079865319867,0.0007297528400000003,0.0077889238400000015
29,29,./main < seq_tmp.txt,0.007390435340000002,0.001482402765536845,0.007794819800000001,0.005109921466666666,0.002371248,0.0008670808000000008,0.007964682800000001
30,30,./main < seq_tmp.txt,0.00682039236554054,0.0019127685899651174,0.0075011562,0.004362930067567565,0.0025621603378378375,0.00042539119999999986,0.008533993200000001
31,31,./main < seq_tmp.txt,0.00713244585084746,0.0019235394256028732,0.0078630106,0.0045837581694915235,0.0025720025084745766,0.0009223245999999997,0.0080237546
32,32,./main < seq_tmp.txt,0.006644033745714285,0.0020503802249131745,0.00746650346,0.004382798299319732,0.0023937585034013607,0.0005999764599999998,0.0076681584599999995
33,33,./main < seq_tmp.txt,0.007349412947491636,0.001722477515279118,0.007924670699999999,0.005001091438127092,0.002370785618729096,0.0008487826999999991,0.0081192317
34,34,./main < seq_tmp.txt,0.0068955896500000015,0.002270211310612439,0.00797403734,0.0045885019500000014,0.0023548801000000024,0.00099772934,0.008177005340000001
35,35,./main < seq_tmp.txt,0.006259696921010104,0.001882125202952093,0.006948198819999999,0.0041097802693602714,0.00239005494949495,0.00000428682000000024,0.007148654819999999
36,36,./main < seq_tmp.txt,0.007665568290887579,0.0009763254761444589,0.007838203140000001,0.004984922544378693,0.0027173805917159784,0.0010080891400000005,0.008060328140000001
37,37,./main < seq_tmp.txt,0.006802904652702705,0.0017470819966084745,0.007400091700000001,0.004320314999999997,0.0025195659459459462,0.0004092087000000001,0.0075972777
38,38,./main < seq_tmp.txt,0.006224586489261747,0.0012033452117245986,0.006485096399999999,0.004286993288590604,0.002179155704697985,0,0.0066353104
39,39,./main < seq_tmp.txt,0.005943929119251699,0.002001119838313363,0.006825160040000001,0.0038486906802721117,0.002295581292517006,0,0.006994785540000001
40,40,./main < seq_tmp.txt,0.005056200497762715,0.0023118842456514867,0.00627873166,0.003343152813559324,0.0020864418983050858,0,0.00649909366
41,41,./main < seq_tmp.txt,0.0066111179039373595,0.0016089185904540608,0.00712359798,0.004643760894854588,0.0022061580760626407,0.00010834198000000093,0.00731788098
42,42,./main < seq_tmp.txt,0.007116856399317409,0.0018384427269749406,0.007795205000000001,0.004757162389078496,0.0024393736518771333,0.0007794760000000012,0.008020917000000002
43,43,./main < seq_tmp.txt,0.007358190132286684,0.0017471759204639088,0.007969814320000001,0.005024442184300341,0.0023370916040955634,0.0009065903199999997,0.008118629320000001
44,44,./main < seq_tmp.txt,0.006241547234042549,0.0020554286863372156,0.0071498432,0.004192570297872341,0.00224526340425532,0.00008464019999999961,0.007355831200000001
45,45,./main < seq_tmp.txt,0.007189134614324325,0.0019003577334906314,0.00788530804,0.0046450810810810764,0.002550894594594595,0.0008183880400000013,0.008134830040000002
46,46,./main < seq_tmp.txt,0.0076923067301314305,0.0012904294984600322,0.008001845760000001,0.00487406989247312,0.002777264659498206,0.0009683787600000002,0.00818766976
47,47,./main < seq_tmp.txt,0.007318515725286346,0.001785063990601765,0.00793862032,0.004833178590308362,0.002526410352422909,0.000906089320000001,0.00830953132
48,48,./main < seq_tmp.txt,0.007707650809931974,0.0010728682597679231,0.00790766748,0.005069823129251703,0.0026348919047619055,0.0008441569799999991,0.008092254979999998
49,49,./main < seq_tmp.txt,0.007060747809973745,0.002131718779679657,0.0079316431,0.00447852750656168,0.002585082099737531,0.0008535140999999997,0.009019392099999999
50,50,./main < seq_tmp.txt,0.007436686382033895,0.001549848226913101,0.00788939446,0.004673332881355929,0.0027636961355932193,0.0008354644600000001,0.00807243046
51,51,./main < seq_tmp.txt,0.006000712707831714,0.0016363589505540065,0.006541445360000001,0.003730939093851132,0.0024639569579287994,0,0.006737799860000001
52,52,./main < seq_tmp.txt,0.00673454267355932,0.001808265534936542,0.007348645460000001,0.00408761566101695,0.0026928265762711867,0.00025355246000000053,0.007506803460000001
53,53,./main < seq_tmp.txt,0.006936228489803914,0.0016802366843138748,0.00747897338,0.00464158266666667,0.002393094509803921,0.0004078063799999999,0.00770752238
54,54,./main < seq_tmp.txt,0.007133559207567565,0.001935962145372691,0.007873020639999999,0.004780709459459463,0.002386198918918918,0.0007676071400000003,0.00804597214
55,55,./main < seq_tmp.txt,0.005961956611730515,0.0018094871194988863,0.006582696780000001,0.0036565382298546895,0.002474240105680317,0,0.00766056578
56,56,./main < seq_tmp.txt,0.0064161390910398245,0.0016371642937544827,0.0069113833400000005,0.0039532559292035415,0.0025839621681415913,0,0.00712760334
57,57,./main < seq_tmp.txt,0.007586062436351346,0.0014465210412022552,0.00796946896,0.005000998243243241,0.002610209797297296,0.0008619044599999996,0.00811622046
58,58,./main < seq_tmp.txt,0.00764714038952382,0.0015508599232827473,0.00810478268,0.0052477236190476145,0.0024499440476190458,0.0010016716800000007,0.008311028680000002
59,59,./main < seq_tmp.txt,0.00628403369251701,0.001540639754648155,0.006721972640000001,0.0040403360544217694,0.002447934693877548,0,0.00692795964
60,60,./main < seq_tmp.txt,0.007885246682551634,0.0010901547118971203,0.00810616838,0.005033501360874846,0.0028076689671931946,0.0010820363800000004,0.00835774538
61,61,./main < seq_tmp.txt,0.0066709076705050475,0.0016698577494974533,0.007202491619999999,0.004134841077441078,0.002625409764309764,0.00025767761999999925,0.007373484619999999
62,62,./main < seq_tmp.txt,0.007572520974539244,0.001481802683523077,0.00796642378,0.00485650034129693,0.0027071924914675765,0.0009091247799999998,0.00819740178
63,63,./main < seq_tmp.txt,0.006020612352226725,0.001868255994511082,0.006717967500000001,0.004050384696356275,0.0021888422672064756,0,0.0069602985
64,64,./main < seq_tmp.txt,0.006650968271194538,0.0018317110152230177,0.007313243220000002,0.004427034470989763,0.00236216805460751,0.00022382522000000083,0.007553434220000001
65,65,./main < seq_tmp.txt,0.0067147023887457625,0.0014499221353023977,0.00709548372,0.004137215254237288,0.002670398644067798,0,0.007261777719999999
66,66,./main < seq_tmp.txt,0.0071950591820883515,0.0011997591885872527,0.00746292666,0.0047374477108433795,0.0025255736947791168,0.00037556416000000033,0.00765047716
67,67,./main < seq_tmp.txt,0.006734956717508418,0.0019101228142791582,0.007426300300000001,0.004465971043771047,0.0023874156228956243,0.0003375913000000009,0.007670550300000002
68,68,./main < seq_tmp.txt,0.007690629309864869,0.0014477509662463384,0.008071009819999999,0.0051929545945945945,0.002501235202702702,0.0009974418200000001,0.00820395182
69,69,./main < seq_tmp.txt,0.007296280627567566,0.002020014873510065,0.00809977356,0.004810921621621622,0.002466116486486487,0.0010032355599999998,0.008318075559999999
70,70,./main < seq_tmp.txt,0.007242383867568921,0.0018667465744660846,0.00791174784,0.004678925814536344,0.0025490153383458643,0.00080417584,0.008222209840000001
71,71,./main < seq_tmp.txt,0.007535376888513517,0.0016671569223559804,0.008075229500000001,0.005150037837837837,0.0024067874999999994,0.0011076370000000003,0.00826
72,72,./main < seq_tmp.txt,0.0070605586537620625,0.00006877446487777172,0.00705790412,0.004380158392282957,0.002726775948553054,0.006510486120000001,0.00751973712
73,73,./main < seq_tmp.txt,0.006802781258666669,0.0010951407327443436,0.00702666776,0.004238230666666667,0.0026566373333333343,0.00017913675999999988,0.00725215376
74,74,./main < seq_tmp.txt,0.007294172638371338,0.001994937901169585,0.00809954714,0.005065956482084694,0.002275016807817589,0.00105561614,0.00826442814
75,75,./main < seq_tmp.txt,0.007881626925521891,0.0009946521098070493,0.008062634040000002,0.005230965791245787,0.0026608944107744128,0.0011731930400000006,0.008302220040000002
76,76,./main < seq_tmp.txt,0.0073942367134579405,0.0018973547038601429,0.008091594620000002,0.004673647788161992,0.002688638130841123,0.0009655866200000006,0.008305124620000002
77,77,./main < seq_tmp.txt,0.005947548408169442,0.001629962818949185,0.0064719116200000005,0.003787242148260206,0.0023992075642965227,0,0.006707779620000001
78,78,./main < seq_tmp.txt,0.007088131731461989,0.002107743136334374,0.008034787480000001,0.004526112514619885,0.0025729736842105277,0.0009844099800000007,0.008252104980000001
79,79,./main < seq_tmp.txt,0.007761569887123289,0.0011016041857325846,0.00797989412,0.00503203123287671,0.0027167414383561634,0.00110164862,0.00815505762
80,80,./main < seq_tmp.txt,0.006161219519766424,0.0013637272403924541,0.0065201153199999995,0.0041133926423357675,0.002325465693430658,0,0.00673096532
81,81,./main < seq_tmp.txt,0.007307222950540545,0.0017839167647970887,0.00792067416,0.004810080337837836,0.0025356074324324315,0.00085366216,0.00811352916
82,82,./main < seq_tmp.txt,0.006708084683537414,0.0014394427181579736,0.00709819834,0.004361290816326534,0.002484609387755103,0.00001593084000000005,0.007299502840000001
83,83,./main < seq_tmp.txt,0.007285910283076921,0.0020109257180001387,0.008091759940000002,0.004948499692307695,0.002391308461538461,0.0009849054400000003,0.00830157544
84,84,./main < seq_tmp.txt,0.006644282561627116,0.0015455692724648566,0.00710116622,0.004243889830508473,0.0025445083389830504,0,0.007234549219999999
85,85,./main < seq_tmp.txt,0.0064483793638907844,0.0022080050363170183,0.007436713340000001,0.00440568122866894,0.0022636737201365193,0.00035455434000000036,0.007591444340000001
86,86,./main < seq_tmp.txt,0.00639911688033898,0.0019769176114443027,0.007176128259999999,0.004417706711864409,0.0022020318644067785,0.00007380425999999919,0.00734809526
87,87,./main < seq_tmp.txt,0.00750099958721088,0.0017692207102517265,0.008100421560000001,0.004947238503401365,0.002566601088435375,0.0009957470599999993,0.008459709059999999
88,88,./main < seq_tmp.txt,0.007629395979319731,0.0014920342629674605,0.00803195118,0.004581993809523806,0.0029729717006802716,0.0009297631799999994,0.00821192418
89,89,./main < seq_tmp.txt,0.006923829177687071,0.001955883776775455,0.00766995246,0.004840832993197281,0.002248713469387756,0.0005512444599999992,0.00788730046
90,90,./main < seq_tmp.txt,0.007328470989608357,0.002035300348273671,0.00814116544,0.004806129138381199,0.00252632229765013,0.00099849194,0.008387280940000002
91,91,./main < seq_tmp.txt,0.005973057852426036,0.0015795571088233393,0.006475984780000001,0.003962313136094676,0.002311141656804734,0,0.006614158280000001
92,92,./main < seq_tmp.txt,0.006960853444067794,0.001782962802782036,0.0075466468,0.004771866101694916,0.0023838976271186437,0.0005726158000000001,0.007705699800000001
93,93,./main < seq_tmp.txt,0.007319369193741495,0.0018880028888992014,0.008015267340000002,0.004883973605442179,0.0024335567346938777,0.000959918340000001,0.008248740340000001
94,94,./main < seq_tmp.txt,0.007713381820109001,0.0013301298295910785,0.008053774940000001,0.005056236185286106,0.0026641366212534056,0.0010774159400000006,0.00822596394
95,95,./main < seq_tmp.txt,0.00758797652027304,0.0016784464700944587,0.00810033508,0.005113376518771328,0.0024738979522184283,0.0009855400800000001,0.00829610008
96,96,./main < seq_tmp.txt,0.007654756709706538,0.0013015776741816592,0.007954128300000002,0.00500008846501129,0.002701231422121896,0.0008183713000000006,0.008185350300000001
97,97,./main < seq_tmp.txt,0.006573065501461186,0.0018651576414523419,0.00725180628,0.004161711187214611,0.002537348584474886,0.00013808827999999993,0.007480308280000001
98,98,./main < seq_tmp.txt,0.006056184534201958,0.0014326120450965346,0.0064561595,0.003973121758957657,0.0023424608469055372,0,0.0066306895
99,99,./main < seq_tmp.txt,0.007307488690340138,0.0019648757355058104,0.00806589734,0.00454020551020408,0.0027406353741496617,0.0009936293399999997,0.00907393334
100,100,./main < seq_tmp.txt,0.007851054463549164,0.0012703182357481284,0.0081372979,0.004811885371702637,0.002972588585131897,0.0009964109,0.0083825419
110,110,./main < seq_tmp.txt,0.006988645589999999,0.0022928929989047974,0.008097295340000001,0.004721629246575348,0.0023236656164383547,0.0009872888400000008,0.008253506840000003
120,120,./main < seq_tmp.txt,0.007544086760022542,0.001777410814563809,0.00814403722,0.0048665177001127324,0.0026692752198421675,0.00101455022,0.00845622922
130,130,./main < seq_tmp.txt,0.006653057103344714,0.0021482452483067753,0.007573823960000002,0.004004929965870306,0.0027237265529010237,0.0006714929600000006,0.007797266960000002
140,140,./main < seq_tmp.txt,0.007687237901379305,0.0013968017732184266,0.00804724646,0.004977949931034486,0.002706888413793104,0.0010979419599999995,0.008236429960000001
150,150,./main < seq_tmp.txt,0.0076731993555414,0.0015192054417761062,0.00810334926,0.004861099363057324,0.0027938015286624205,0.0010166672599999996,0.00832143526
160,160,./main < seq_tmp.txt,0.007871775610344828,0.0014225729006555425,0.0082481763,0.005139247400530498,0.002731442440318303,0.0010535907999999995,0.0084567698
170,170,./main < seq_tmp.txt,0.007839655989411762,0.0014832224020642996,0.00825343046,0.004946961411764707,0.002863083176470589,0.00119304496,0.00840880996
180,180,./main < seq_tmp.txt,0.007469324020137456,0.0015656061085172408,0.00792121746,0.004863946254295536,0.0026629195876288676,0.0008783264599999999,0.00812875446
190,190,./main < seq_tmp.txt,0.007218190758546715,0.0017048411472580772,0.00775569898,0.004835789204152245,0.0024912132871972308,0.0007099329799999995,0.007978503980000001
200,200,./main < seq_tmp.txt,0.00788724979620795,0.0014910573594200177,0.00829659768,0.005008605871559625,0.002855120305810397,0.0010974426799999996,0.00852028868
210,210,./main < seq_tmp.txt,0.007170767786637931,0.0011669350462496938,0.0074142395,0.004642700991379311,0.002664418146551726,0.00031503899999999916,0.008474442999999998
220,220,./main < seq_tmp.txt,0.0076650799120415265,0.0018654618833363072,0.008304452220000001,0.004948767474048438,0.0027403065743944644,0.0010380902200000006,0.00884068422
230,230,./main < seq_tmp.txt,0.0077030957436605655,0.0018448899787837398,0.008321133940000001,0.005009267387687188,0.0026756015973377714,0.0010616899400000004,0.00852436594
240,240,./main < seq_tmp.txt,0.0068320487728472205,0.001431036510132579,0.00719954184,0.004444985208333334,0.0025542323611111115,0,0.007452034340000001
250,250,./main < seq_tmp.txt,0.006984534305106387,0.0012957319062983845,0.007280962720000002,0.004112592127659571,0.002969900851063831,0.00000347272000000105,0.007448999720000002
260,260,./main < seq_tmp.txt,0.008193287770243904,0.0011495037009029297,0.00842464238,0.005580241951219512,0.0026167805574912892,0.0010993253799999997,0.00866234638
270,270,./main < seq_tmp.txt,0.007871923701157467,0.0017856024107404018,0.008439885719999998,0.005151132570659484,0.0027640968506056547,0.0011151517199999993,0.00864650872
280,280,./main < seq_tmp.txt,0.007741385249835077,0.0017966084836105864,0.00836266492,0.005011196401799095,0.0026994761619190404,0.0011043179200000003,0.00854909692
290,290,./main < seq_tmp.txt,0.007136713375265016,0.002047608871967521,0.0079621414,0.004874278021201416,0.002411654416961132,0.0008231324000000004,0.008236444400000001
300,300,./main < seq_tmp.txt,0.0073498241439215635,0.0013075349161378385,0.007650842340000001,0.005088740728291318,0.0024682116526610633,0.0003407123399999999,0.007883719340000001
310,310,./main < seq_tmp.txt,0.007705346456170214,0.0018596468953238764,0.008369808020000001,0.00495149943262411,0.002774000425531913,0.00107130452,0.00854908752
320,320,./main < seq_tmp.txt,0.007084499926451616,0.001640803625735266,0.007583910620000002,0.00472865458064516,0.0025460260645161293,0.0004205041200000012,0.007753389120000002
330,330,./main < seq_tmp.txt,0.00686304046124805,0.0017868298162953293,0.007447422259999999,0.0046037796567862735,0.0024730858034321375,0.000052294259999999,0.00764458126
340,340,./main < seq_tmp.txt,0.00788343778298716,0.001937119382273008,0.00858862686,0.005216365227537916,0.002677859113185531,0.0011875988600000002,0.01004844186
350,350,./main < seq_tmp.txt,0.006847960473096082,0.0019193789357229783,0.00753376874,0.0045338264768683256,0.0024540152313167257,0.00016151673999999965,0.007749347740000001
360,360,./main < seq_tmp.txt,0.007914697110418357,0.0017866290531789854,0.00848778302,0.005240949851551954,0.00266995330634278,0.0010392500199999989,0.00888256502
370,370,./main < seq_tmp.txt,0.0073084064128571425,0.0019566779391040788,0.008025350220000001,0.004696707,0.002633357142857143,0.0005569542200000001,0.00817586522
380,380,./main < seq_tmp.txt,0.007639178547924532,0.0015352032015290074,0.008063822679999999,0.005117611930333818,0.0026032400580551503,0.0005824106800000001,0.00838492468
390,390,./main < seq_tmp.txt,0.007615235181290328,0.0018361812572504144,0.00821946102,0.00502076724014337,0.0026697740501792117,0.0009572090199999996,0.00836232802
400,400,./main < seq_tmp.txt,0.008100626860863299,0.0018019263101683018,0.00868216244,0.005612816546762587,0.002520992949640287,0.0012464369400000002,0.00883312394
410,410,./main < seq_tmp.txt,0.00797413036143885,0.00128905931125989,0.008293066160000001,0.0057133366187050345,0.0023675136690647462,0.00100876416,0.00850639316
420,420,./main < seq_tmp.txt,0.007594343961234565,0.001649393494743747,0.00807083246,0.005072411456790124,0.002596048296296297,0.0005071364599999999,0.00826253346
430,430,./main < seq_tmp.txt,0.008285634015842301,0.0015521241069910631,0.008695605980000002,0.00554780845878136,0.0027253359139784955,0.0011674709800000003,0.00891581198
440,440,./main < seq_tmp.txt,0.008057357351624548,0.0019341051539840887,0.008716767200000001,0.005734523176895309,0.0024168696028880874,0.0011323172000000004,0.008902692200000001
450,450,./main < seq_tmp.txt,0.006835989994267909,0.0017933895440884042,0.00743666164,0.005130275327102808,0.0021007453582554524,0,0.00767026964
460,460,./main < seq_tmp.txt,0.007337991213790613,0.0017489516478879183,0.007856635860000002,0.005065521949458482,0.002394864259927798,0.00021280386000000146,0.008013854860000003
470,470,./main < seq_tmp.txt,0.0063925127919932465,0.0022456329429177777,0.00733406616,0.004643308648648652,0.0020461010810810796,0,0.00751427666
480,480,./main < seq_tmp.txt,0.00788684656989011,0.001887175914063711,0.00852804046,0.005230232307692308,0.0026697777289377282,0.0008653384600000005,0.008696460460000001
490,490,./main < seq_tmp.txt,0.007790362749197081,0.0024516013954803658,0.00893413722,0.00539761167883212,0.002412474963503649,0.0014036097199999998,0.00914793172
500,500,./main < seq_tmp.txt,0.007354930639705881,0.0015399967218204269,0.007731480000000001,0.004873701470588236,0.002619644411764707,0.00006728700000000051,0.008797403
510,510,./main < seq_tmp.txt,0.0078084173432362396,0.00219575516246298,0.008751480340000001,0.005339129449838188,0.0024855222653721674,0.0010988113400000003,0.008929159340000001
520,520,./main < seq_tmp.txt,0.00829247139540984,0.002064618534486527,0.00906129522,0.005995667803278696,0.0023411042950819668,0.001342940219999999,0.00932216422
530,530,./main < seq_tmp.txt,0.008384227476104865,0.0018691954399228453,0.00898773636,0.006020173932584267,0.002422483146067416,0.00122047836,0.00914709836
540,540,./main < seq_tmp.txt,0.007473238482748647,0.0017406776526316236,0.007995565320000002,0.005351880325497288,0.002273380542495478,0.0002935003200000008,0.00813986732
550,550,./main < seq_tmp.txt,0.00863603892478528,0.0018108188140823623,0.00920992698,0.0060232003067484646,0.0025757399386503073,0.00137638898,0.00947697898
560,560,./main < seq_tmp.txt,0.008119658034339618,0.0011307356036651614,0.00832453494,0.005727556377358487,0.002494752905660377,0.0006284449399999994,0.008503493939999999
570,570,./main < seq_tmp.txt,0.008219299921818185,0.0021464824348609037,0.009029606240000002,0.00617762348484848,0.002096665984848484,0.00136691224,0.009185155240000001
580,580,./main < seq_tmp.txt,0.008248988120226898,0.0022870600827355324,0.009229714540000001,0.0058565784764991885,0.002370718476499188,0.0014327355400000005,0.009462765540000001
590,590,./main < seq_tmp.txt,0.0075930344192424205,0.0026981558000975852,0.008968251120000001,0.005448499469696967,0.002208306515151516,0.00102903062,0.00919665162
600,600,./main < seq_tmp.txt,0.008762306840624996,0.0017256079756888055,0.0092458442,0.006283914910714286,0.0024950520535714288,0.0012641751999999998,0.0094552202
610,610,./main < seq_tmp.txt,0.00848447295236641,0.00216005653226592,0.009310837460000002,0.006155046564885495,0.002387169847328243,0.00145885796,0.009506127960000001
620,620,./main < seq_tmp.txt,0.009150262527737226,0.001307802286040422,0.0094328604,0.006192376094890514,0.0028749580291970805,0.0014847284,0.0096785514
630,630,./main < seq_tmp.txt,0.006762987861930503,0.0021890505785275203,0.007615011620000002,0.004961328185328183,0.0020835487258687264,0,0.007810188620000002
640,640,./main < seq_tmp.txt,0.00813977450692308,0.002215591918404826,0.00899519338,0.005703937846153848,0.0024587686153846144,0.0009497893800000001,0.00917730538
650,650,./main < seq_tmp.txt,0.008481570881052641,0.0023687029306597674,0.00949136266,0.00609347263157895,0.0024416426315789453,0.0014044086600000002,0.00974319166
660,660,./main < seq_tmp.txt,0.00781654142837209,0.0020136040948023886,0.008494437440000002,0.005742414341085271,0.0022549468217054267,0.0004052034400000002,0.00865612944
670,670,./main < seq_tmp.txt,0.008127755110038609,0.0016375207021309909,0.0085616405,0.005947681081081082,0.0023243565250965262,0.0005594414999999992,0.0088993855
680,680,./main < seq_tmp.txt,0.008046970785932415,0.0024012501553726906,0.00906329904,0.005909661276595747,0.0022418910638297845,0.0009395610399999996,0.00929354204
690,690,./main < seq_tmp.txt,0.009042424971587295,0.0016661590964279363,0.009478625420000001,0.006783691349206349,0.002281869206349205,0.0014045349199999992,0.00964577992
700,700,./main < seq_tmp.txt,0.007516909650685924,0.0020027264920927964,0.008152907260000002,0.005192542671480141,0.0024419865222623377,0,0.00836030226
710,710,./main < seq_tmp.txt,0.00828440752425197,0.002367400899874687,0.00923681404,0.005966085196850392,0.0023622968503937,0.00099977004,0.00946775204
720,720,./main < seq_tmp.txt,0.009000803586329119,0.0020581579454956754,0.009746375880000002,0.006369239139240505,0.0026208218227848088,0.001612571880000001,0.009969921880000003
730,730,./main < seq_tmp.txt,0.00902563965531569,0.002181061545311664,0.009826913360000002,0.0063978313645621145,0.002565430875763747,0.0015812223600000005,0.010060027360000001
740,740,./main < seq_tmp.txt,0.008363772930836653,0.002197401489024531,0.00919057764,0.005832281752988043,0.0025502269322709155,0.00111083764,0.01043227064
750,750,./main < seq_tmp.txt,0.007702986940000006,0.0023820732893912616,0.008653409220000002,0.005664179679999998,0.0021609698400000005,0.0003035712200000003,0.008845977220000002
760,760,./main < seq_tmp.txt,0.008278540296546183,0.002834123313304738,0.00975484616,0.005857025702811246,0.002404061526104417,0.0014313201600000005,0.009974253160000002
770,770,./main < seq_tmp.txt,0.00916479271208333,0.001941487331825594,0.00977490026,0.006599368750000002,0.0025627146666666657,0.0013599747600000003,0.009970228760000002
780,780,./main < seq_tmp.txt,0.009021017846016263,0.002010303333280119,0.00967033372,0.006598446991869917,0.002438166178861788,0.0014400887200000001,0.00984702172
790,790,./main < seq_tmp.txt,0.00883627816714286,0.0026092469217098204,0.010021552060000001,0.0062849166666666635,0.002497847619047618,0.0016268930600000005,0.010182888060000003
800,800,./main < seq_tmp.txt,0.008860072497085023,0.002223910211637208,0.009685498740000003,0.006173930364372465,0.0026767064777327935,0.0014578737400000007,0.00988472374
810,810,./main < seq_tmp.txt,0.009684088656585363,0.0015742930247859856,0.01003611962,0.006829329430894309,0.0027998569105691052,0.0015053366199999996,0.010278018620000001
820,820,./main < seq_tmp.txt,0.008368669450983607,0.002758010285795385,0.009686892660000002,0.005825329098360655,0.002549472950819672,0.00112351466,0.00987566466
830,830,./main < seq_tmp.txt,0.008615216339246862,0.0028847127705718956,0.010120586720000001,0.006410448033472804,0.0022404778242677823,0.0015561057199999996,0.010351371719999999
840,840,./main < seq_tmp.txt,0.008584399078722285,0.0024351485489882497,0.009548013139999999,0.006235525475880051,0.0024291950977835706,0.0009289051399999997,0.00982626714
850,850,./main < seq_tmp.txt,0.009082311082040818,0.002689665570835117,0.01021237638,0.0064990964081632725,0.002567649795918367,0.0015571613799999998,0.01039505638
860,860,./main < seq_tmp.txt,0.008974644772440728,0.0026683168579922155,0.010068627520000002,0.006579688145048818,0.002430526666666666,0.0013900675199999997,0.011331455520000002
870,870,./main < seq_tmp.txt,0.008353036814107888,0.0029632467270195545,0.0098170572,0.006109081327800833,0.0023089874688796666,0.0010958661999999997,0.0099881712
880,880,./main < seq_tmp.txt,0.0093165007837037,0.002504040488345125,0.010335489580000003,0.006805929290123465,0.002528206203703702,0.0016227300800000007,0.01057946608
890,890,./main < seq_tmp.txt,0.009395543735833334,0.002507016721347901,0.010393339040000001,0.006555350833333335,0.002811606166666667,0.0016230965399999992,0.01065833554
900,900,./main < seq_tmp.txt,0.00835025819529411,0.002645693514927099,0.009495973460000001,0.005900763781512605,0.0026001806722689065,0.0008030494600000005,0.00964874746
910,910,./main < seq_tmp.txt,0.008980433023291138,0.002488855250772557,0.009976751960000002,0.006544512573839664,0.0025419733333333343,0.0011968379600000006,0.010154319960000002
920,920,./main < seq_tmp.txt,0.008622402196470586,0.00271038459828057,0.009794608520000001,0.006209534453781511,0.0024705150420168067,0.0009571960200000004,0.00999330002
930,930,./main < seq_tmp.txt,0.009448395525000004,0.0024978850246276645,0.010419836160000001,0.007040316599999998,0.0024749356999999995,0.0015709176600000002,0.010603945660000001
940,940,./main < seq_tmp.txt,0.009402134659999995,0.002835022489235738,0.010716501020000001,0.0068555571999999905,0.002563807333333332,0.0017834750199999996,0.01098774202
950,950,./main < seq_tmp.txt,0.009674218407191017,0.002657802583022406,0.01073625916,0.007015227265917601,0.0026750339325842683,0.0017620111599999993,0.01099947016
960,960,./main < seq_tmp.txt,0.008790880303347641,0.0029991102387662127,0.01030505896,0.0063845247210300455,0.0024544290128755385,0.00134071896,0.01053939696
970,970,./main < seq_tmp.txt,0.00954462366703862,0.0026085806781669966,0.010580445740000001,0.007017713476394851,0.0025151270386266104,0.0016023647400000003,0.010734254740000001
980,980,./main < seq_tmp.txt,0.009329482090305681,0.0026832033257013286,0.010410378920000001,0.006884021310043673,0.002485597205240174,0.0013335319200000004,0.01063885892
990,990,./main < seq_tmp.txt,0.009813862649577476,0.002630577558925078,0.01091391672,0.0071587271478873215,0.0026697614436619723,0.00180305422,0.011158935220000001
1000,1000,./main < seq_tmp.txt,0.00944766353565217,0.003080309632291769,0.011008235639999999,0.006889017217391302,0.0025363813043478268,0.00189639564,0.01115647464
1100,1100,./main < seq_tmp.txt,0.009645681436923074,0.0030634845437517316,0.01110005336,0.0069485686877828025,0.002680416651583711,0.0015958963599999997,0.01131601036
1200,1200,./main < seq_tmp.txt,0.009357548940943396,0.003146953799471281,0.010816625040000001,0.007348930188679244,0.0022398426415094343,0.0008927565400000002,0.01097276154
1300,1300,./main < seq_tmp.txt,0.011241178007920787,0.0031274503367270277,0.012652790300000001,0.00877496158415841,0.0024567587128712866,0.0023905798000000006,0.012935619800000001
1400,1400,./main < seq_tmp.txt,0.00992533731859238,0.0036505312588459076,0.011764250040000002,0.007690602873900294,0.00234835331378299,0.0009215000400000003,0.011937748040000001
1500,1500,./main < seq_tmp.txt,0.011325741990123466,0.004295280481524927,0.014005257700000003,0.009073001790123462,0.0023307129629629624,0.0026828402000000006,0.0152292752
1600,1600,./main < seq_tmp.txt,0.01193180175428572,0.004357602356800833,0.014694291920000001,0.009552077714285711,0.002398217142857142,0.0029008269200000002,0.014904252920000003
1700,1700,./main < seq_tmp.txt,0.012850445717676778,0.004367561872169945,0.015387029200000003,0.010655797979797973,0.0022982655555555567,0.0030064422000000003,0.0156487222
1800,1800,./main < seq_tmp.txt,0.0127533810126087,0.004215466662001185,0.01484083248,0.010981474021739133,0.0019878135869565226,0.0018884824800000002,0.015031375480000003
1900,1900,./main < seq_tmp.txt,0.013226731807792207,0.005195308039956356,0.0171627716,0.010790849350649346,0.002370435584415584,0.0036055596,0.0173639936
2000,2000,./main < seq_tmp.txt,0.013165999520202013,0.005798330037335236,0.017522106500000002,0.011063143501683503,0.0021575008754208752,0.0039267675,0.0184709915
2100,2100,./main < seq_tmp.txt,0.015475863831177944,0.005472774024967285,0.018732430360000003,0.013228831228070165,0.0022915795488721792,0.003834469360000001,0.019327005360000003
2200,2200,./main < seq_tmp.txt,0.01554238009050278,0.006287299913432061,0.0201917478,0.01316146815642458,0.002399294525139665,0.004581773799999999,0.0204179068
2300,2300,./main < seq_tmp.txt,0.013922969924999999,0.006824531449218146,0.014447926300000002,0.012045973749999996,0.00186642828125,0.0045520968,0.021128256800000002
2400,2400,./main < seq_tmp.txt,0.016864424244161846,0.006473654464297934,0.02178907688,0.015081711907514452,0.001974430520231214,0.00475639188,0.02202284488
2500,2500,./main < seq_tmp.txt,0.01591305145777778,0.0064869959654901485,0.01706324768,0.013634679658119656,0.0022816570940170935,0.005583199680000001,0.02365259268
2600,2600,./main < seq_tmp.txt,0.01632475451867769,0.006713727446119725,0.01770372356,0.014216878512396692,0.0021178717355371897,0.005668742560000002,0.02459299056
2700,2700,./main < seq_tmp.txt,0.017361519276823098,0.007161096141270928,0.019036535840000004,0.015721838989169682,0.0017696020216606493,0.00583668884,0.025637942840000004
2800,2800,./main < seq_tmp.txt,0.01634336259255319,0.006672951134567512,0.0159415858,0.014488618936170221,0.001864148085106383,0.006560571800000001,0.027126866800000003
2900,2900,./main < seq_tmp.txt,0.014413111228843534,0.006188142349869504,0.013616343120000002,0.013256291292517012,0.0013392048979591837,0.006810788620000001,0.02825994462
3000,3000,./main < seq_tmp.txt,0.015972662183829776,0.005780742080010943,0.01500680462,0.014181736595744687,0.0018178058510638297,0.007228337620000001,0.02517660462
3100,3100,./main < seq_tmp.txt,0.015637338246506025,0.0057587239273687255,0.01396121612,0.014443660240963855,0.0013434481927710846,0.00776164912,0.02642400212
3200,3200,./main < seq_tmp.txt,0.015609668906301371,0.003964344390366439,0.01591927342,0.01409132602739726,0.0015872605479452053,0.00821682192,0.023742201920000004
3300,3300,./main < seq_tmp.txt,0.01689926286763158,0.004967471692002166,0.01754234894,0.015647620263157903,0.0013774957894736842,0.008604723940000001,0.023414896940000002
3400,3400,./main < seq_tmp.txt,0.013989573604516132,0.0038848581796415453,0.01341284054,0.013358282795698916,0.0009933838709677415,0.00875840504,0.024112156040000002
3500,3500,./main < seq_tmp.txt,0.013978651950413225,0.003122910660577786,0.014122386,0.012844939173553713,0.001350021487603306,0.008978698000000002,0.022060510000000002
3600,3600,./main < seq_tmp.txt,0.014781564614977974,0.003535446980495763,0.0154548098,0.013960982819383258,0.0011429111894273127,0.008809448800000001,0.0224236018
3700,3700,./main < seq_tmp.txt,0.013579459055294124,0.0026946353952410525,0.01280217232,0.01270802294117648,0.0010106992647058823,0.01037111082,0.019887373820000002
3800,3800,./main < seq_tmp.txt,0.015008120033636368,0.003929996950621759,0.01427020492,0.014438870227272723,0.0007920235227272727,0.010834934420000001,0.02448527142
3900,3900,./main < seq_tmp.txt,0.014749081588073396,0.0025318283604155206,0.014577597900000001,0.013877056330275231,0.0010485798165137613,0.010940283900000002,0.021185274900000002
4000,4000,./main < seq_tmp.txt,0.016239675974198474,0.003888733083769022,0.015250502020000003,0.015339561526717546,0.0010890305343511449,0.011309254020000001,0.02197894602
4100,4100,./main < seq_tmp.txt,0.014668590986279071,0.0016460961352887829,0.014702017120000003,0.013875414651162779,0.0009371254651162791,0.01233161012,0.019713497120000003
4200,4200,./main < seq_tmp.txt,0.014948220004309388,0.0026040116784120508,0.01433561738,0.014361003646408835,0.0008933027624309391,0.01190741638,0.02041375138
4300,4300,./main < seq_tmp.txt,0.01466778783148937,0.0020020185196619024,0.014186083640000003,0.014109514893617017,0.0008199493617021278,0.01262775564,0.01973431264
4400,4400,./main < seq_tmp.txt,0.01417228216615385,0.0015801242177513723,0.013852301520000002,0.013793695384615385,0.0007924523076923077,0.01287538252,0.01968530152
4500,4500,./main < seq_tmp.txt,0.01615479821863636,0.0015563086889045887,0.01566465098,0.015523401136363635,0.0008633261363636364,0.014495628980000001,0.01958071898
4600,4600,./main < seq_tmp.txt,0.016728278412046802,0.0016647534580459301,0.01633998826,0.016126683391812866,0.000810391111111111,0.015160170260000001,0.02058363426
4700,4700,./main < seq_tmp.txt,0.017053757047116567,0.0009585133996720885,0.017049556360000002,0.01654744527607363,0.0007221195092024539,0.01583138936,0.01877101036
4800,4800,./main < seq_tmp.txt,0.01645566317433963,0.0007146340869976641,0.01607352508,0.01588854566037736,0.0007102679245283018,0.01571252208,0.01870872008
4900,4900,./main < seq_tmp.txt,0.016400112341830062,0.00047633310354827814,0.0161956081,0.01630383699346406,0.0005266082352941175,0.0159583941,0.0185543271
5000,5000,./main < seq_tmp.txt,0.018216908426666654,0.000932851127711087,0.017798724880000002,0.017726993333333326,0.0007402406666666666,0.01760225488,0.02084408588
5100,5100,./main < seq_tmp.txt,0.0185499078786207,0.00041951220076858766,0.01841426152,0.018220063448275856,0.0005255131034482759,0.01819954252,0.02039844552
5200,5200,./main < seq_tmp.txt,0.019560511352517986,0.0002861163013923409,0.019530723000000003,0.019187199280575544,0.0005422854676258993,0.019163497,0.020255360000000004
5300,5300,./main < seq_tmp.txt,0.019979613599008267,0.0005539916043660352,0.01988354288,0.019806348264462807,0.000637704958677686,0.01949817888,0.02237709488
5400,5400,./main < seq_tmp.txt,0.020372492292307687,0.00013933266341243823,0.020323607,0.020130259999999994,0.0005549606153846155,0.020156974,0.020708431000000003
5500,5500,./main < seq_tmp.txt,0.02123725737200001,0.00013166594024167667,0.021196674340000003,0.020728844000000003,0.00079942256,0.021039692340000003,0.02165375034
5600,5600,./main < seq_tmp.txt,0.020842966475483875,0.00016392313505498828,0.020778834040000003,0.02072193322580645,0.0006402716129032258,0.02056375254,0.02124479554
5700,5700,./main < seq_tmp.txt,0.022834696962857146,0.00015292790758461412,0.02278535782,0.02212524420168067,0.0008257058823529413,0.02262530582,0.02319753982
5800,5800,./main < seq_tmp.txt,0.0234089262486207,0.0001497523796500189,0.02336549924,0.02287066655172414,0.00079385,0.02321004724,0.02377173824
5900,5900,./main < seq_tmp.txt,0.02352824797929203,0.0001074817046608206,0.02351376282,0.023100999823008846,0.0007989017699115045,0.02333151082,0.02397536482
6000,6000,./main < seq_tmp.txt,0.02474102428091744,0.00016017939759375722,0.024693689180000002,0.024100407339449542,0.0007588532110091744,0.02450018718,0.02509385518
6100,6100,./main < seq_tmp.txt,0.02546854360448598,0.00016577830048286924,0.02541231924,0.024901757943925233,0.0008530882242990654,0.02521981124,0.02586949424
6200,6200,./main < seq_tmp.txt,0.026504015578846143,0.00013304546505987774,0.026481929300000002,0.025852765384615378,0.0007912234615384615,0.026296248300000002,0.0269122163
6300,6300,./main < seq_tmp.txt,0.027147490070588243,0.0001366891072924433,0.0271092291,0.02647701568627452,0.0008831921568627451,0.0269469261,0.0276469641
6400,6400,./main < seq_tmp.txt,0.028096979863232324,0.0000951778826374248,0.02809001754,0.02761773393939393,0.0007004917171717172,0.027926067540000002,0.02851433554
6500,6500,./main < seq_tmp.txt,0.028794280695789477,0.0001406258039488219,0.02876341218,0.028446365263157903,0.0007136652631578947,0.02857678918,0.02927607518
6600,6600,./main < seq_tmp.txt,0.029445806537849454,0.0001192505893782846,0.029431890140000003,0.028894669462365585,0.0007832559139784946,0.029215363140000002,0.02994199414
6700,6700,./main < seq_tmp.txt,0.030663769952747267,0.00011983887065431648,0.030636653700000006,0.03015408065934066,0.0006999859340659341,0.030474912700000006,0.0313616667
6800,6800,./main < seq_tmp.txt,0.03149751054454545,0.00011173981210904431,0.031479924840000006,0.030762546818181826,0.0009002370454545453,0.031312424840000005,0.03196875384
6900,6900,./main < seq_tmp.txt,0.031191141314252862,0.00018656631904218578,0.031149671820000002,0.031090601839080457,0.0005530101149425287,0.030910426820000003,0.031968035820000004
7000,7000,./main < seq_tmp.txt,0.03184582909000001,0.000159288442100991,0.031810673840000005,0.03145083476190475,0.000787038095238095,0.031612562840000004,0.03246630584000001
7100,7100,./main < seq_tmp.txt,0.03380622877219512,0.00009775510882374274,0.03379183076,0.03290079951219511,0.0010781212195121951,0.03357965226,0.03413315026
7200,7200,./main < seq_tmp.txt,0.03505393344249998,0.00008721231480938465,0.035033051679999996,0.0347317025,0.0005952409999999998,0.03485247268,0.03528513768
7300,7300,./main < seq_tmp.txt,0.03590882594666666,0.0002541818761615987,0.03583786178,0.03546123076923078,0.0007711589743589742,0.03564198728,0.03702269028
7400,7400,./main < seq_tmp.txt,0.03683993480155843,0.0001154530470791265,0.036816079360000004,0.036284011948051954,0.00080687012987013,0.036650774360000006,0.03748871136
7500,7500,./main < seq_tmp.txt,0.03641201374054053,0.0001170425927464004,0.0363994512,0.03588364594594595,0.0010308972972972973,0.036214699200000006,0.036727134200000004
7600,7600,./main < seq_tmp.txt,0.03886985212493151,0.00015591709021543028,0.03885037744,0.03809573561643835,0.0008565205479452053,0.03866086844,0.03945281244
7700,7700,./main < seq_tmp.txt,0.03916284967915494,0.0001296657275798366,0.03913896582,0.03888183211267606,0.0006561290140845071,0.038995465820000005,0.03987494382
7800,7800,./main < seq_tmp.txt,0.04008242432231884,0.0001410223416486124,0.040059417959999996,0.03936364434782609,0.001044636231884058,0.03985023096,0.04063794696
7900,7900,./main < seq_tmp.txt,0.04102871938352942,0.0001344990428756313,0.04101682006,0.04105945411764707,0.000520609411764706,0.04076410006,0.04141662606
8000,8000,./main < seq_tmp.txt,0.04271288210484848,0.00009377422060287513,0.04269903012000001,0.04233673151515152,0.0006161166666666667,0.04252886312,0.042976456120000006
8100,8100,./main < seq_tmp.txt,0.04375734985230772,0.00010372403228852656,0.04376240296,0.043298946153846156,0.00074256,0.043557547960000005,0.044052183960000005
8200,8200,./main < seq_tmp.txt,0.04402199786285713,0.00012949628916950805,0.04402053972,0.043363383809523814,0.0009851428571428572,0.04378977572,0.044591390720000006
8300,8300,./main < seq_tmp.txt,0.045797301029677426,0.00012571854202590537,0.04576845482,0.0453647464516129,0.000638074193548387,0.04547671582,0.04614162782
8400,8400,./main < seq_tmp.txt,0.045835852447213124,0.00012077745968929368,0.04581569448,0.04581712950819674,0.0006198052459016393,0.04555827348,0.046115759480000004
8500,8500,./main < seq_tmp.txt,0.048125480913220345,0.00019783625609144493,0.048081352320000006,0.047279611186440675,0.0009673274576271185,0.04790965132,0.048949173320000004
8600,8600,./main < seq_tmp.txt,0.048894953804137935,0.00010186470924815966,0.04887886958,0.04827214068965517,0.0009369779310344828,0.04865342458,0.049173428580000005
8700,8700,./main < seq_tmp.txt,0.04988912313333334,0.0001784677057944872,0.049863865800000004,0.049481014035087714,0.000676639298245614,0.04961625780000001,0.05070231380000001
8800,8800,./main < seq_tmp.txt,0.05137801351357144,0.00019270129309665853,0.05134194396,0.05083826285714286,0.0007649517857142858,0.05116532096,0.05218275596
8900,8900,./main < seq_tmp.txt,0.05252365231777779,0.00020447769131293165,0.052503171040000005,0.051897119259259265,0.0008329777777777777,0.05225384854000001,0.053383078540000004
9000,9000,./main < seq_tmp.txt,0.05228141969735849,0.00013755288966153933,0.052254467320000005,0.05210945962264152,0.0006347547169811321,0.052046257320000004,0.05297005632000001
9100,9100,./main < seq_tmp.txt,0.05340906835307694,0.00012380144428371625,0.05339492968000001,0.053053539230769234,0.0006968311538461538,0.053181691680000004,0.05385315768
9200,9200,./main < seq_tmp.txt,0.054941158702352964,0.00012683870362876554,0.05490606282,0.054600911372549014,0.0007190549019607843,0.05469491182,0.05538523482
9300,9300,./main < seq_tmp.txt,0.0560445819,0.00015121831316470077,0.0560304586,0.05591406000000001,0.0006725376,0.0557335376,0.0564388536
9400,9400,./main < seq_tmp.txt,0.05824923083551022,0.00012734448828101205,0.05823712606,0.0577706318367347,0.0006640795918367346,0.058032504060000004,0.058687534060000004
9500,9500,./main < seq_tmp.txt,0.05846798797666666,0.00020037257068386658,0.058418644060000004,0.05824884666666664,0.0006558770833333333,0.05820613506,0.05935139206000001
9600,9600,./main < seq_tmp.txt,0.060612396591914905,0.00020853504726323744,0.060578605060000006,0.06006072553191489,0.0007135234042553191,0.06035114806,0.06143871906
9700,9700,./main < seq_tmp.txt,0.06161940753531916,0.00012289907641434403,0.06160740128000001,0.06108060808510639,0.000883151914893617,0.06136566928,0.06197923528000001
9800,9800,./main < seq_tmp.txt,0.06186009677555557,0.00011129439405937494,0.06181766062,0.06165250888888889,0.0007511528888888888,0.06166389962,0.06215744362000001
9900,9900,./main < seq_tmp.txt,0.06377347340888889,0.00023153327933716,0.06373972492,0.06359584444444445,0.0007159937777777777,0.06349758292,0.06486963592
10000,10000,./main < seq_tmp.txt,0.06546829204272729,0.0002110959535151908,0.06543684152000001,0.06490814818181817,0.000731540909090909,0.06519629302,0.06631184202
11000,11000,./main < seq_tmp.txt,0.07882868868486485,0.00012113920514322139,0.07880035382,0.07806107135135137,0.0009602681081081079,0.07861052282,0.07918536082000001
12000,12000,./main < seq_tmp.txt,0.09257623460064517,0.00012466874677180223,0.09257950602000001,0.0922800458064516,0.0006598554838709677,0.09238297702,0.09291284102000001
13000,13000,./main < seq_tmp.txt,0.10773866288000003,0.00014028118517748507,0.10771448888000001,0.10723089076923073,0.0008847076923076922,0.10752717888,0.10808958988
14000,14000,./main < seq_tmp.txt,0.12570000415130436,0.00017779304136135971,0.12569681076000003,0.12462287999999999,0.001191608695652174,0.12538272376,0.12598805076000003
15000,15000,./main < seq_tmp.txt,0.14392748653000004,0.00015755568833549343,0.14390516738000003,0.14298773999999997,0.0010059589999999998,0.14366552338000002,0.14436246038000003
16000,16000,./main < seq_tmp.txt,0.16235653223111113,0.00018117143238970067,0.16228508512,0.16109201999999997,0.0014797066666666664,0.16205755262,0.16263807762000002
17000,17000,./main < seq_tmp.txt,0.18361758362250005,0.0002671297059776946,0.18352706256,0.1819972225,0.0017474125,0.18334652006,0.18432171806
18000,18000,./main < seq_tmp.txt,0.20464692694,0.000262979736898767,0.20463148344,0.2033825285714286,0.0015925228571428572,0.20435109444000002,0.20540801944
19000,19000,./main < seq_tmp.txt,0.2283334427366667,0.000258253517228698,0.22833782782000003,0.22814575333333334,0.0005144533333333333,0.22782671082000003,0.22874333182000003
20000,20000,./main < seq_tmp.txt,0.25335557138545456,0.0005632473575546341,0.25321772184,0.2524386890909091,0.00108216,0.25281864784,0.25480844884000003
21000,21000,./main < seq_tmp.txt,0.27890585929999995,0.0002717908944595281,0.2788446613,0.27736225999999997,0.0017112799999999997,0.2785046553,0.2793790973
22000,22000,./main < seq_tmp.txt,0.30562575732,0.0003288996257411511,0.30567673382000005,0.30314498,0.002575164,0.30517175132,0.30615163832000003
23000,23000,./main < seq_tmp.txt,0.33290156964000006,0.0002742058895130744,0.33285153304000004,0.33198249999999996,0.00109692,0.33255670554000005,0.33349371654000004
24000,24000,./main < seq_tmp.txt,0.3624375806000001,0.00022037368902462755,0.3624551265,0.3623452,0.00030319600000000004,0.36202646650000003,0.36281149850000005
25000,25000,./main < seq_tmp.txt,0.39337076662000003,0.00031943836762244357,0.3933509284200001,0.39107791999999997,0.0022205799999999998,0.39282093842000004,0.39385835442000006
26000,26000,./main < seq_tmp.txt,0.42504033628000004,0.0004564885133551228,0.42498497828,0.42507546000000007,0.00017819199999999998,0.42423464378,0.42579691678
27000,27000,./main < seq_tmp.txt,0.4579415647,0.0003229884246223173,0.45786427500000004,0.45686335999999994,0.001291606,0.45752145800000005,0.458535051
28000,28000,./main < seq_tmp.txt,0.49179491168,0.0003349826636274488,0.49181025968000003,0.4902608,0.0015676599999999998,0.49125876318000006,0.49241571318000005
29000,29000,./main < seq_tmp.txt,0.5274207272400002,0.00037955580728800246,0.5275808026400001,0.5271675199999999,0.000299256,0.5267789216400001,0.5279380586400001
30000,30000,./main < seq_tmp.txt,0.5644606165400001,0.000292948529311163,0.56457487074,0.56167638,0.0026761,0.5640192242400001,0.5648522412400001
31000,31000,./main < seq_tmp.txt,0.6019490067800001,0.000660801586578931,0.60183355138,0.5999804999999999,0.0018637399999999998,0.60070719888,0.6032329028800001
32000,32000,./main < seq_tmp.txt,0.64187876184,0.002360444865243424,0.64081449714,0.6407436000000001,0.0014502879999999999,0.63908131714,0.64529174714
33000,33000,./main < seq_tmp.txt,0.6815243579200001,0.0011790822821007552,0.68135662212,0.6791745199999999,0.0022841299999999997,0.6804728781200001,0.68470665212
34000,34000,./main < seq_tmp.txt,0.7239007877400001,0.0007720987653871066,0.7239540981400001,0.7216544999999999,0.00211832,0.7223284291400001,0.7248938531400001
35000,35000,./main < seq_tmp.txt,0.7643838861999999,0.0007798852963081883,0.764436047,0.76254908,0.00199792,0.763304969,0.765769367
36000,36000,./main < seq_tmp.txt,0.80968712094,0.0007276071191334267,0.8096646060400001,0.8090088599999999,0.000611572,0.8088121380400001,0.8106376780400001
37000,37000,./main < seq_tmp.txt,0.8545561986799999,0.0008686322818107687,0.85421121348,0.85191422,0.002344996,0.85363476498,0.85624085198
38000,38000,./main < seq_tmp.txt,0.9021328078199999,0.00109748654493276,0.9023501973200001,0.9001015600000001,0.0017795559999999998,0.90044462682,0.9033589388200001
39000,39000,./main < seq_tmp.txt,0.9488803001600001,0.0008984484934830195,0.94860291356,0.9478808799999999,0.0009097759999999999,0.9480098520600001,0.9503616800600001
40000,40000,./main < seq_tmp.txt,0.9979288132399999,0.0006887005569065713,0.9979043131399999,0.9960398999999999,0.0018189399999999998,0.9968564511400001,0.99899655214
41000,41000,./main < seq_tmp.txt,1.0543795246799998,0.005883679832826287,1.05508157028,1.0516881200000001,0.0025254120000000003,1.04677640928,1.06084490528
42000,42000,./main < seq_tmp.txt,1.0983984433199998,0.000664964337063553,1.0986119800199998,1.0970873999999995,0.0013378479999999998,1.09709351852,1.0991390405199999
43000,43000,./main < seq_tmp.txt,1.1529793937199997,0.0006918216533031873,1.15269048462,1.14905282,0.0035966979999999997,1.15206511312,1.1542447571199999
44000,44000,./main < seq_tmp.txt,1.2061381241800002,0.0011312264009165596,1.20610516128,1.2044261200000002,0.001522412,1.2043812867800001,1.20754310478
45000,45000,./main < seq_tmp.txt,1.2623053794000003,0.0011412841830418295,1.2622229931000002,1.2593833,0.002619352,1.2606657901000002,1.2639152021
46000,46000,./main < seq_tmp.txt,1.31867438316,0.0006660534140227929,1.31852892766,1.31656072,0.001811408,1.31776148616,1.3201594251600002
47000,47000,./main < seq_tmp.txt,1.37550542946,0.0010098575996217948,1.3757175348600001,1.37257678,0.0025095,1.37378599536,1.37672846636
48000,48000,./main < seq_tmp.txt,1.4353439591400001,0.0016798986643403165,1.4351171799400002,1.43279374,0.002185416,1.43316479894,1.43795371394
49000,49000,./main < seq_tmp.txt,1.49692318238,0.0013313977514822688,1.49730356838,1.4942453599999999,0.002327336,1.4948641003799998,1.49850682438
50000,50000,./main < seq_tmp.txt,1.5579464358999997,0.001291949947014824,1.5578888870999998,1.5553231999999997,0.0022683720000000003,1.5556865661000001,1.5603191430999999
51000,51000,./main < seq_tmp.txt,1.61784055426,0.0016433620914756094,1.61759896246,1.6156907399999998,0.00168988,1.6158784524599998,1.62122964746
52000,52000,./main < seq_tmp.txt,1.6815485949,0.0017620470618465091,1.6812838283000002,1.6802833999999998,0.000689222,1.6801732413000001,1.6862172813000003
53000,53000,./main < seq_tmp.txt,1.74696720212,0.001168474270675016,1.74697472642,1.7444985999999996,0.0020228439999999998,1.7453599224199998,1.74930946342
54000,54000,./main < seq_tmp.txt,1.81325777778,0.0014879996886551887,1.8139985782799999,1.80985172,0.002802702,1.81128258478,1.81506331378
55000,55000,./main < seq_tmp.txt,1.88259374342,0.0018685576299127347,1.88290010262,1.8800904200000002,0.00196469,1.8785219316200001,1.88443975362
56000,56000,./main < seq_tmp.txt,1.9484143950599997,0.0022817822497058185,1.94809338916,1.94516156,0.002533996,1.94555610366,1.95369593666
57000,57000,./main < seq_tmp.txt,2.01866066576,0.0011056475137837369,2.01866590806,2.0165131799999996,0.0016069679999999999,2.01695144306,2.0203414080599997
58000,58000,./main < seq_tmp.txt,2.08913886654,0.0017090825375689284,2.08894713504,2.0858773,0.002484226,2.08717318804,2.09311170904
59000,59000,./main < seq_tmp.txt,2.1683735494000005,0.010008142539654106,2.1657758671,2.16539236,0.0022106599999999997,2.1616917651,2.1945160151
60000,60000,./main < seq_tmp.txt,2.2362319523200003,0.001911428568462413,2.2358930161199995,2.23441222,0.00136748,2.23411992012,2.23946793912
61000,61000,./main < seq_tmp.txt,2.3126261393,0.0013945027569975156,2.3125385889000003,2.3108984799999996,0.00097304,2.3105706399000003,2.3149129399
62000,62000,./main < seq_tmp.txt,2.4025632541199995,0.010964866655366032,2.40310033212,2.4001719199999996,0.00181911,2.38511167762,2.41480788362
63000,63000,./main < seq_tmp.txt,2.47624607958,0.012157997104017639,2.4739506866800003,2.4721262200000003,0.0032838559999999995,2.46341941068,2.49411517668
64000,64000,./main < seq_tmp.txt,2.55731102842,0.014549576655436347,2.5585189155199997,2.55285488,0.003488306,2.54188557302,2.5746185630199996
65000,65000,./main < seq_tmp.txt,2.63933896172,0.010911364950193226,2.63507172542,2.63513734,0.003285362,2.62202332992,2.65652945892
66000,66000,./main < seq_tmp.txt,2.70373393892,0.003944225899855852,2.7028921719200003,2.6994610000000003,0.0032514259999999995,2.69951743542,2.70969907542
67000,67000,./main < seq_tmp.txt,2.7881645818400007,0.003504857336476626,2.78963420124,2.7835830399999995,0.0035223900000000002,2.78160938774,2.79115446674
68000,68000,./main < seq_tmp.txt,2.86912248254,0.002193248640050595,2.86919962874,2.86626566,0.002086396,2.86575176524,2.87301797824
69000,69000,./main < seq_tmp.txt,2.9543010359999995,0.0030943501786003364,2.9541124349,2.9503848199999996,0.0028795159999999995,2.9499410754,2.9593891394
70000,70000,./main < seq_tmp.txt,3.03889936984,0.002012761189084627,3.0381490915400002,3.0345977,0.0030411399999999995,3.03672679154,3.04206394854
71000,71000,./main < seq_tmp.txt,3.1250229721800005,0.0024970505939815577,3.12394728738,3.120752879999999,0.002935375999999999,3.1227535898800003,3.12965930288
72000,72000,./main < seq_tmp.txt,3.2159327942799996,0.0031034731836324767,3.21691447528,3.2136888799999994,0.0012726559999999998,3.21098283928,3.21946563628
73000,73000,./main < seq_tmp.txt,3.30819641166,0.0032654087348315624,3.3070773227599997,3.30391178,0.003249856,3.3027238672599997,3.31366032726
74000,74000,./main < seq_tmp.txt,3.40019873842,0.0018276890445672012,3.4009993001200005,3.39617888,0.0029644420000000003,3.39671221562,3.4015596126200003
75000,75000,./main < seq_tmp.txt,3.48612805594,0.001975534010381022,3.48580539614,3.4836782799999995,0.001356412,3.48382735864,3.48876120264
76000,76000,./main < seq_tmp.txt,3.5851879913799998,0.002989748368852919,3.58618725138,3.5794013400000004,0.0045916099999999994,3.57905703038,3.58832608638
77000,77000,./main < seq_tmp.txt,3.6956656175000004,0.020942973532333944,3.6973809319,3.6915386399999996,0.0025743299999999997,3.6731850549000002,3.7195444809000002
78000,78000,./main < seq_tmp.txt,3.7728378440999997,0.004828999149638441,3.7736137859,3.76843956,0.002997244,3.7663516864,3.7779973494
79000,79000,./main < seq_tmp.txt,3.8665660372599993,0.0028673780010505384,3.86624753126,3.8628994199999993,0.0023488759999999997,3.8623311627600003,3.87134097876
80000,80000,./main < seq_tmp.txt,3.96717129158,0.004387082308770903,3.9678139208800003,3.9603978599999996,0.005183159999999999,3.9602732898800004,3.97221342988
81000,81000,./main < seq_tmp.txt,4.08438426426,0.01908171028541755,4.0796093961599995,4.07902596,0.003988127999999999,4.06421653616,4.1083080891599995
82000,82000,./main < seq_tmp.txt,4.180072409300001,0.014220220427572296,4.1795022058,4.1746089799999995,0.004132416,4.1660591013,4.2155395333
83000,83000,./main < seq_tmp.txt,4.291585961059999,0.018963425102724103,4.28561076836,4.284881739999999,0.005162936000000001,4.26722453436,4.31753174336
84000,84000,./main < seq_tmp.txt,4.37147612768,0.005501644284058536,4.37130843868,4.367737740000001,0.00250404,4.36532404768,4.3819846046799995
85000,85000,./main < seq_tmp.txt,4.479852275980001,0.004790287688104109,4.47845507688,4.47299768,0.005115572,4.47169724138,4.4859073263800004
86000,86000,./main < seq_tmp.txt,4.581595269079999,0.0032807458929490453,4.58168789098,4.57794248,0.0020298499999999997,4.578100231980001,4.58890208698
87000,87000,./main < seq_tmp.txt,4.693271149319999,0.004578101649152851,4.69326627222,4.687875040000001,0.0038425720000000003,4.68533554872,4.69847426272
88000,88000,./main < seq_tmp.txt,4.8023951505,0.00514902332355431,4.8030678555,4.797820660000001,0.0030120780000000005,4.7937441575,4.8083573465
89000,89000,./main < seq_tmp.txt,4.9088232852199996,0.004342642518061991,4.90966871172,4.9029516,0.004417686,4.89948435322,4.91421865422
90000,90000,./main < seq_tmp.txt,5.01890740214,0.0024214083127479,5.01836947244,5.015427,0.0019501000000000002,5.01533001244,5.02299758844
91000,91000,./main < seq_tmp.txt,5.1282026284199995,0.0029398388736662506,5.1295528910199994,5.122431239999999,0.004048024,5.12289696202,5.13110409602
92000,92000,./main < seq_tmp.txt,5.24262750038,0.00421469603358319,5.24245977758,5.23775506,0.0032230559999999998,5.23695663508,5.25043306008
93000,93000,./main < seq_tmp.txt,5.35432725906,0.003167437588109861,5.35306080136,5.348543899999999,0.00381173,5.35071595036,5.35896664536
94000,94000,./main < seq_tmp.txt,5.4702544383800005,0.006066595271474053,5.466968358879999,5.46616752,0.002143552,5.46483596838,5.480520073379999
95000,95000,./main < seq_tmp.txt,5.65366094522,0.023270575408913058,5.66051448512,5.649874899999999,0.0023566900000000003,5.61931218812,5.67604839212
96000,96000,./main < seq_tmp.txt,5.70800192794,0.005171532444126189,5.70707833204,5.7027858600000005,0.003550424,5.70137084904,5.715640744040001
97000,97000,./main < seq_tmp.txt,5.829667026120001,0.004511196454573732,5.829627702920001,5.8239881,0.00375123,5.82115697792,5.836684277920001
98000,98000,./main < seq_tmp.txt,5.9523501232000005,0.006058023936381958,5.954871321600001,5.946403699999999,0.003733444,5.9403606646,5.9587885586
99000,99000,./main < seq_tmp.txt,6.06938059714,0.0063024055802054346,6.068571865740001,6.06156998,0.005371577999999999,6.05955456474,6.07712002474
100000,100000,./main < seq_tmp.txt,6.191107995079999,0.005662639877220725,6.193377848280001,6.1855476,0.003027556,6.1822226677800005,6.19687564178
